﻿<?xml version="1.0" encoding="UTF-8"?>
<prefab>
  <property name="CopyAirBlocks" value="True" />
  <property name="ExcludeDistantPOIMesh" value="False" />
  <property name="ExcludePOICulling" value="False" />
  <property name="DistantPOIYOffset" value="0" />
  <property name="AllowTopSoilDecorations" value="False" />
  <property name="DifficultyTier" value="0" />
  <property name="ShowQuestClearCount" value="1" />
  <property name="AllowedTownships" value="city,town,countrytown" />
  <property name="TraderArea" value="True" />
  <property name="RotationToFaceNorth" value="2" />
  <property name="Zoning" value="none" />
  <property name="Tags" value="countrytown, commercial, residential, rural, downtown, gateway, nocheckpoint" />
  <property name="QuestTags" value="trader, traderJen" />
  <property name="ThemeTags" value="hoh, traderJen" />
  <property name="ThemeRepeatDistance" value="1000" />
  <property name="PrefabSize" value="60, 74, 60" />
  <property name="YOffset" value="-10" />
  <property name="POIMarkerSize" value="7, 13, 2#7, 13, 3#7, 13, 3#7, 13, 2" />
  <property name="POIMarkerStart" value="42, 9, -2#42, 9, -3#14, 9, -2#14, 9, -1" />
  <property name="POIMarkerGroup" value="driveway4,driveway,driveway2,driveway3" />
  <property name="POIMarkerTags" value="gateway#rural#rural#gateway" />
  <property name="POIMarkerType" value="PartSpawn,PartSpawn,PartSpawn,PartSpawn" />
  <property name="POIMarkerPartToSpawn" value="part_driveway_gateway_01,part_driveway_rural_08,part_driveway_rural_08,part_driveway_gateway_01" />
  <property name="POIMarkerPartRotations" value="2,2,2,2" />
  <property name="POIMarkerPartSpawnChance" value="1,1,1,1" />
  <property name="TeleportVolumeSize" value="" />
  <property name="TeleportVolumeStart" value="" />
  <property class="IndexedBlockOffsets">
    <property class="challenge_pallet">
      <property name="0" value="39, 5, 32" />
      <property name="1" value="38, 10, 40" />
      <property name="2" value="30, 10, 42" />
    </property>
    <property class="challenge_polymers">
      <property name="0" value="49, 10, 46" />
    </property>
    <property class="POILight">
      <property name="0" value="52, 12, 52" />
      <property name="1" value="53, 62, 54" />
      <property name="2" value="54, 73, 54" />
      <property name="3" value="55, 62, 54" />
    </property>
    <property class="challenge_elec_parts,WrenchXPGain">
      <property name="0" value="2, 10, 18" />
      <property name="1" value="2, 10, 20" />
    </property>
    <property class="challenge_sinks">
      <property name="0" value="46, 10, 46" />
      <property name="1" value="48, 11, 54" />
      <property name="2" value="48, 12, 54" />
      <property name="3" value="55, 57, 54" />
    </property>
    <property class="challenge_gore">
      <property name="0" value="50, 10, 30" />
    </property>
    <property class="TraderOnOff">
      <property name="0" value="49, 11, 52" />
    </property>
    <property class="challenge_mech_parts,WrenchXPGain">
      <property name="0" value="51, 11, 53" />
    </property>
    <property class="quest_wood_trees">
      <property name="0" value="4, 10, 46" />
    </property>
    <property class="challenge_cars,Car,WrenchXPGain">
      <property name="0" value="52, 10, 31" />
    </property>
    <property class="FetchContainer">
      <property name="0" value="39, 6, 41" />
    </property>
    <property class="challenge_steel">
      <property name="0" value="33, 7, 49" />
      <property name="1" value="37, 10, 52" />
    </property>
    <property class="QuestRestorePower">
      <property name="0" value="33, 10, 47" />
    </property>
    <property class="challenge_leather">
      <property name="0" value="31, 10, 32" />
    </property>
    <property class="Trader">
      <property name="0" value="44, 11, 54" />
    </property>
  </property>
  <property class="Stats">
    <property name="TotalVertices" value="1095490" />
    <property name="TotalTriangles" value="438289" />
    <property class="BlockEntities">
      <property name="Vertices" value="952415" />
      <property name="Triangles" value="334567" />
    </property>
    <property class="ChunkMeshes0">
      <property name="Vertices" value="129117" />
      <property name="Triangles" value="80634" />
    </property>
    <property class="ChunkMeshes1">
      <property name="Vertices" value="0" />
      <property name="Triangles" value="0" />
    </property>
    <property class="ChunkMeshes2">
      <property name="Vertices" value="600" />
      <property name="Triangles" value="316" />
    </property>
    <property class="ChunkMeshes3">
      <property name="Vertices" value="0" />
      <property name="Triangles" value="0" />
    </property>
    <property class="ChunkMeshes4">
      <property name="Vertices" value="0" />
      <property name="Triangles" value="0" />
    </property>
    <property class="ChunkMeshes5">
      <property name="Vertices" value="13358" />
      <property name="Triangles" value="22772" />
    </property>
  </property>
</prefab>