<snj>
    <append xpath="/items">
        <item name="ammoTranqDart">
            <property name="Tags" value="ammo,ranged,attAgility,perkOOGHusbandry,perkPenetrator,perkOOGHusbandry"/>
            <property name="DisplayType" value="ammoTranqDart"/>
            <property name="Meshfile" value="#@modfolder:Assets/CH_Husbandry.unity3d?ammoTranqDart"/>
            <property name="HoldType" value="45"/>
            <property name="HandMeshfile" value="#@modfolder:Assets/CH_Husbandry.unity3d?ammoTranqDart"/>
            <property name="DropMeshfile" value="#@modfolder:Assets/CH_Husbandry.unity3d?ammoTranqDart"/>
            <property name="Material" value="Mplastics"/>
            <property name="IsSticky" value="true"/>
            <property name="StickyOffset" value=".12"/>
            <property name="StickyColliderUp" value="2"/>
            <property name="StickyColliderRadius" value=".05"/>
            <property name="StickyColliderLength" value=".75"/>
            <property name="Stacknumber" value="150"/> <!-- STK ammo low -->
            <property name="EconomicValue" value="12"/>
            <property name="TraderStageTemplate" value="arrowsTier0"/><!-- ammoCrossbowBoltStone -->
            <property name="EconomicBundleSize" value="5"/>
            <property name="Group" value="Ammo/Weapons,Ammo,Ranged Weapons"/>
            <property name="SoundPickup" value="arrows_grab"/>
            <property name="SoundPlace" value="arrows_place"/>
            <property class="Action1">
                <property name="Class" value="Projectile"/>
                <property name="Explosion.ParticleIndex" value="0"/>
                <property name="Gravity" value="-3"/>
                <property name="FlyTime" value="0"/>
                <property name="LifeTime" value="14"/>
            </property>
            <effect_group name="ammoCrossbowBoltStone" tiered="false"> <!-- ammoCrossbowBoltStone -->
                <passive_effect name="EntityDamage" operation="base_set" value="2" tags="perkOOGHusbandry"/>
                <passive_effect name="BlockDamage" operation="base_set" value="1" tags="perkOOGHusbandry"/>
                <passive_effect name="DamageModifier" operation="perc_set" value=".1" tags="wood"/>
                <passive_effect name="DamageModifier" operation="perc_set" value="0" tags="earth,metal,cloth"/>
                <passive_effect name="ProjectileVelocity" operation="base_set" value="67.5" tags="perkOOGHusbandry"/>
            </effect_group>
        </item>
        <item name="wpnTranqGun">
            <property name="Tags" value="weapon,ranged,holdBreathAiming,reloadPenalty,gun,noDrum,canHaveCosmetic,rifleSkill,perkOOGHusbandry"/>
            <property name="DisplayType" value="rangedGunNoMag"/>
            <property name="HoldType" value="30"/>
            <property name="Meshfile" value="#@modfolder:Assets/CH_Husbandry.unity3d?Tranq_Gun"/>
            <property name="Material" value="MBowCrossbowParts"/>
            <property name="TintColor" value="80, 80, 80"/>
            <property name="Weight" value="7"/>
            <property name="ScrapTimeOverride" value="10.0"/>
            <property name="RepairTools" value="resourceRepairKit"/>
            <property name="DegradationBreaksAfter" value="false"/>
            <property name="SoundJammed" value="ItemNeedsRepair"/>
            <property name="SoundDestroy" value="wooddestroy1"/>
            <property name="CrosshairOnAim" value="true"/> <!-- aimTest -->
            <property name="CrosshairUpAfterShot" value="false"/>
            <property name="EconomicBundleSize" value="1"/>
            <property name="EconomicValue" value="5000"/>
            <property name="TraderStageTemplate" value="bowsTier2"/><!-- gunBowT3CompoundBow -->
            <property name="Group" value="Ammo/Weapons,Ranged Weapons"/>
            <property name="RepairExpMultiplier" value="5.5"/>
            <property name="UnlockedBy" value="craftingBows"/><!-- gunBowT3CompoundBowSchematic, -->
            <property name="ShowQuality" value="true"/>
            <property name="UsableUnderwater" value="false"/>
            <property name="SoundUnholster" value="weapon_unholster"/>
            <property name="SoundHolster" value="weapon_holster"/>
            <property name="SoundPickup" value="bow_wooden_grab"/>
            <property name="SoundPlace" value="bow_wooden_place"/>
            
            <property class="Action0">
                <property name="Class" value="Ranged"/>
		        <property name="Delay" value=".5"/> 
                <property name="Reload_time" value="2.66"/>
                <!-- Catapult might not be the best name for it but it can also be used for a slingshot -->
                <property name="Hitmask_override" value="Arrow"/>
                <property name="Delay" value="1"/> <!-- obsolete if rounds per minute exists -->
                <property name="Magazine_items" value="ammoTranqDart"/>
                <!-- <property name="Reload_time" value=".9"/> -->
                <property name="Sound_start" value="bow3_fire"/>
                <property name="Sound_repeat" value=""/>
                <property name="Sound_end" value=""/>
                <property name="Sound_empty" value="dryfire"/>
                <property name="Sound_reload" value="bow_unquiver"/>
                <property name="Sound_draw" value="bow3_draw"/>
                <property name="Sound_cancel" value="bow_fire_cancel"/>
                <property name="Max_strain_time" value=".43"/>
                <property name="triggerEffectTriggerPullDualsense" value="PistolTrigger"/>
                <property name="triggerEffectTriggerPullXbox" value="PistolTrigger"/>
                <property name="triggerEffectShootDualsense" value="PistolShoot"/>
                <property name="triggerEffectShootXbox" value="PistolShoot"/>
            </property>
            <property class="Action1">
                <property name="Class" value="Zoom"/>
                <property name="Zoom_max_out" value="40"/>
                <property name="Zoom_max_in" value="40"/>
                <property name="triggerEffectTriggerPullDualsense" value="PistolZoom"/>
            </property>
            <effect_group name="gunBowT3CompoundBow">
                <passive_effect name="ProjectileVelocity" operation="perc_add" value=".2" tags="perkOOGHusbandry"/>
                <passive_effect name="DamageFalloffRange" operation="base_set" value="34" tags="perkOOGHusbandry"/>
                <passive_effect name="DamageFalloffRange" operation="perc_add" value="-.1,.08" tier="1,6" tags="perkOOGHusbandry"/> <!-- random effective rng -->
                <passive_effect name="MaxRange" operation="base_set" value="100" tags="perkOOGHusbandry"/>
                <passive_effect name="MagazineSize" operation="base_set" value="1" tags="perkOOGHusbandry"/>
                <passive_effect name="EntityDamage" operation="base_add" value="2" tags="perkOOGHusbandry"/> <!-- damage offset -->
                <passive_effect name="EntityDamage" operation="perc_add" value="-.02,.02" tags="perkOOGHusbandry"/> <!-- random EntityDmg -->
                <passive_effect name="EntityDamage" operation="perc_add" value=".07,.35" tier="2,6" tags="perkOOGHusbandry"/> <!-- tier bonus -->
                <passive_effect name="BlockDamage" operation="perc_add" value="-.08,.08" tags="perkOOGHusbandry"/> <!-- random BlockDmg -->
                <passive_effect name="BlockDamage" operation="perc_add" value=".15,.75" tier="2,6" tags="perkOOGHusbandry"/> <!-- tier bonus -->
                <passive_effect name="ProjectileVelocity" operation="perc_add" value="-.08,.08" tags="perkOOGHusbandry"/> <!-- random Veloc -->
                <!-- <passive_effect name="DegradationMax" operation="perc_add" value="-.2,.2" tier="1,6" tags="perkOOGHusbandry"/> --> <!-- random DegMax -->
                <passive_effect name="WeaponHandling" operation="perc_add" value="-.08,.08" tags="perkOOGHusbandry"/> <!-- random WeaponHandling -->

                <passive_effect name="SpreadDegreesVertical" operation="base_set" value="2.67" tags="perkOOGHusbandry"/>
                <passive_effect name="SpreadDegreesHorizontal" operation="base_set" value="2.67" tags="perkOOGHusbandry"/>
                <passive_effect name="SpreadMultiplierAiming" operation="base_set" value=".06" tags="perkOOGHusbandry"/>
                <passive_effect name="SpreadMultiplierCrouching" operation="base_set" value=".5" tags="perkOOGHusbandry"/>
                <passive_effect name="SpreadMultiplierWalking" operation="base_set" value="1.2" tags="perkOOGHusbandry"/>
                <passive_effect name="SpreadMultiplierRunning" operation="base_set" value="2.0" tags="perkOOGHusbandry"/>

                <passive_effect name="ReloadSpeedMultiplier" operation="base_set" value=".9" tags="perkOOGHusbandry"/>
                <passive_effect name="IncrementalSpreadMultiplier" operation="base_set" value="2" tags="perkOOGHusbandry"/>
                <passive_effect name="WeaponHandling" operation="base_set" value=".9" tags="perkOOGHusbandry"/> <!-- crosshair reset speed -->

                <passive_effect name="RoundsPerMinute" operation="base_set" value="75" tags="perkOOGHusbandry,bowDrawPenalty"/>
                <passive_effect name="BurstRoundCount" operation="base_set" value="1" tags="perkOOGHusbandry"/>

                <passive_effect name="KickDegreesVerticalMin" operation="base_set" value=".5" tags="perkOOGHusbandry"/>
                <passive_effect name="KickDegreesVerticalMax" operation="base_set" value=".5" tags="perkOOGHusbandry"/>
                <passive_effect name="KickDegreesHorizontalMin" operation="base_set" value="-.2" tags="perkOOGHusbandry"/>
                <passive_effect name="KickDegreesHorizontalMax" operation="base_set" value=".2" tags="perkOOGHusbandry"/>

                <passive_effect name="DegradationMax" operation="base_set" value="350,600" tier="1,6" tags="perkOOGHusbandry"/>
                <passive_effect name="DegradationPerUse" operation="base_set" value="1" tags="perkOOGHusbandry"/>
                <passive_effect name="ModSlots" operation="base_set" value="3,3,3,4,4,4" tier="1,2,3,4,5,6"/>
                <passive_effect name="ModPowerBonus" operation="perc_add" value=".10" tags="EntityDamage,BlockDamage"/>
                <passive_effect name="ModPowerBonus" operation="base_add" value="300" tags="EconomicValue"/>
            </effect_group>
            <effect_group name="sneak damage bonus">
                <requirement name="CVarCompare" cvar="_crouching" operation="Equals" value="1"/>
                <requirement name="CVarCompare" cvar="_notAlerted" operation="GT" value="0" target="other"/>
                    <passive_effect name="DamageBonus" operation="base_add" value="2"/>
                    <passive_effect name="EntityDamage" operation="perc_add" value="2" tags="perkOOGHusbandry"/>
                    <display_value name="dEntityDamageSneak" value="2"/>
            </effect_group>
        </item> 
    </append>
</snj>